mutation,2025-12-19,2025-12-22,2025-12-23,2025-12-27
F:T12I,0.9989030714000797,0.7626629120184845,0.99842555105713,0.9992835509818608
F:T13I,0.00009972078181092939,0.23587392136332455,0.0002249212775528565,0.00013026345784348845
F:V18I,0.9992007193525827,0.0009757507860214665,0.5088943931546949,0.418550856844986
F:A23T,0.9984569488735727,0.5744552741504535,0.9986197377501725,0.41793117127838936
F:A47T,0.14285714285714285,0.1,0.2857142857142857,0.06666666666666667
F:L48I,0.14285714285714285,0.16666666666666666,0,0.06666666666666667
F:G51S,0,0.13043478260869565,0,0
F:W341G,0,0.05198358413132695,0.0547008547008547,0.06818181818181818
F:W341R,0,0.09986320109439124,0.152991452991453,0.10227272727272728
F:L512*,,,0.26635514018691586,
F:L512S,,,0.0630841121495327,
F:S521A,,,0.08955223880597014,
F:S521P,,,0.11442786069651742,
F:S521T,,,0.09203980099502487,
F:I567V,0,0.3333333333333333,,0
